{"cameraMode":{"drawMode":0,"name":"Shaded","section":"Shading Mode"},"sceneLighting":false,"audioPlay":false,"sceneViewState":{"m_AlwaysRefresh":false,"showFog":true,"showSkybox":false,"showFlares":true,"showImageEffects":true,"showParticleSystems":true,"showVisualEffectGraphs":true,"m_FxEnabled":true},"in2DMode":false,"pivot":{"x":557.6870727539063,"y":304.287841796875,"z":10.830873489379883},"rotation":{"x":-0.004809725098311901,"y":-0.014401602558791638,"z":0.00007353750697802752,"w":-0.9999002814292908},"size":379.7747497558594,"orthographic":true}