{"cameraMode":{"drawMode":0,"name":"Shaded","section":"Shading Mode"},"sceneLighting":false,"audioPlay":false,"sceneViewState":{"m_AlwaysRefresh":false,"showFog":true,"showSkybox":false,"showFlares":true,"showImageEffects":true,"showParticleSystems":true,"showVisualEffectGraphs":true,"m_FxEnabled":true},"in2DMode":false,"pivot":{"x":-0.8465503454208374,"y":1.0451107025146485,"z":2.8183677196502687},"rotation":{"x":0.02729831077158451,"y":0.9691842198371887,"z":-0.12602832913398744,"w":0.20992004871368409},"size":0.90739506483078,"orthographic":false}